{"cameraMode":{"drawMode":0,"name":"Shaded","section":"Shading Mode"},"sceneLighting":false,"audioPlay":false,"sceneViewState":{"showFog":true,"showMaterialUpdate":false,"showSkybox":false,"showFlares":true,"showImageEffects":true,"showParticleSystems":true},"in2DMode":false,"pivot":{"x":-6.676120758056641,"y":4.607108116149902,"z":-4.896584510803223},"rotation":{"x":0.14084210991859437,"y":0.821405291557312,"z":-0.23026731610298158,"w":0.5024681687355042},"size":8.392967224121094,"orthographic":false}